{"cameraMode":{"drawMode":0,"name":"Shaded","section":"Shading Mode"},"sceneLighting":true,"audioPlay":false,"sceneViewState":{"m_AlwaysRefresh":false,"showFog":true,"showSkybox":true,"showFlares":true,"showImageEffects":true,"showParticleSystems":true,"showVisualEffectGraphs":true,"m_FxEnabled":true},"in2DMode":false,"pivot":{"x":-0.16342167556285859,"y":2.700000047683716,"z":1.4901161193847657e-8},"rotation":{"x":-0.003387802978977561,"y":0.9940855503082275,"z":-0.10356784611940384,"w":-0.032517265528440478},"size":0.8660253882408142,"orthographic":false}